from,to
Arthur_Rudolph,NSDAP
Arthur_Rudolph,SA
Arthur_Rudolph,Verein_fuer_Raumschifffahrt
Arthur_Rudolph,Firma_Heylandt
Arthur_Rudolph,Heereswaffenamt
Arthur_Rudolph,Heeresversuchsanstalt
Arthur_Rudolph,SS
Arthur_Rudolph,Heeresversuchsanstalt
Arthur_Rudolph,US_Army
Arthur_Rudolph,ABMA
Arthur_Rudolph,Redstone
Arthur_Rudolph,Redstone
Arthur_Rudolph,NASA
Arthur_Rudolph,NASA
Arthur_Rudolph,Saturn
Bernhard_Tessmann,Heeresversuchsanstalt
Bernhard_Tessmann,V2
Bernhard_Tessmann,US_Army
Bernhard_Tessmann,White_Sands_Missile_Range
Bernhard_Tessmann,US_Army
Bernhard_Tessmann,NASA
Dieter_Huzel,NSDAP
Dieter_Huzel,Heeresversuchsanstalt
Dieter_Huzel,US_Army
Dieter_Huzel,North_Amercian_Aviation
Eberhard_Rees,Heeresversuchsanstalt
Eberhard_Rees,Heeresversuchsanstalt
Eberhard_Rees,Heeresversuchsanstalt
Eberhard_Rees,US_Army
Eberhard_Rees,Redstone
Eberhard_Rees,ABMA
Eberhard_Rees,NASA
Georg_Rickhey,NSDAP
Georg_Rickhey,Heeresversuchsanstalt
Georg_Rickhey,US_Army
Georg_Rickhey,Gestapo
Georg_von_Tiesenhausen,Ingenieurschule_Hamburg
Georg_von_Tiesenhausen,Luftwaffe
Georg_von_Tiesenhausen,Heeresversuchsanstalt
Georg_von_Tiesenhausen,V2
Georg_von_Tiesenhausen,Test_Stand_12
Georg_von_Tiesenhausen,Kriegsgefangenschaft
Georg_von_Tiesenhausen,Firma_Hatlapa
Georg_von_Tiesenhausen,US_Army
Georg_von_Tiesenhausen,ABMA
Georg_von_Tiesenhausen,Redstone
Georg_von_Tiesenhausen,NASA
Georg_von_Tiesenhausen,Apollo
Georg_von_Tiesenhausen,Saturn
Hubertus_Strughold,Apollo
Hubertus_Strughold,Aero_Medical_Center
Hubertus_Strughold,NASA
Hubertus_Strughold,Luftwaffe
Hubertus_Strughold,Rockefeller_Foundation
Hubertus_Strughold,Flugmedizinisches_Institut
Hubertus_Strughold,Reichsluftfahrtministerium
Hubertus_Strughold,Universitaet_Heidelberg
Hubertus_Strughold,US_Air_Force
Hubertus_Strughold,Institut_fuer_Weltraummedizin
Hubertus_Strughold,Gemini
Hubertus_Strughold,Rockefeller_Foundation
Joachim_Kuettner,Technische_Hochschule_Darmstadt
Joachim_Kuettner,Messerschmitt_AG
Joachim_Kuettner,Geophysical_Research_Directorate
Joachim_Kuettner,University_of_California
Joachim_Kuettner,Redstone
Joachim_Kuettner,Mercury
Joachim_Kuettner,Apollo
Konrad_Schaefer,Schering_AG
Konrad_Schaefer,Luftwaffe
Konrad_Schaefer,KZ_Dachau
Konrad_Schaefer,Forschungsinstitut_fuer_Luftfahrtmedizin
Konrad_Schaefer,US_Air_Force
Kurt_Debus,Technische_Hochschule_Darmstadt
Kurt_Debus,Burschenschaft_Markommannia
Kurt_Debus,SA
Kurt_Debus,SS
Kurt_Debus,Technische_Hochschule_Darmstadt
Kurt_Debus,Gestapo
Kurt_Debus,V2
Kurt_Debus,Pruefstand_VII
Kurt_Debus,Operation_Backfire
Kurt_Debus,US_Army
Kurt_Debus,Redstone
Kurt_Debus,ABMA
Kurt_Debus,NASA
Kurt_Debus,NASA
Kurt_Debus,Apollo
Siegfried_Ruff,Deutsche_Versuchsanstalt_fuer_Luftfahrt
Siegfried_Ruff,Deutsche_Akademie_fuer_Luftfahrtforschung
Siegfried_Ruff,NSDAP
Siegfried_Ruff,KZ_Dachau
Siegfried_Ruff,Aero_Medical_Center
Siegfried_Ruff,Institut_fuer_Flugmedizin_der_deutschen_Versuchsanstalt
Siegfried_Ruff,Universitaet_Heidelberg
Theodor_Benzinger,NSDAP
Theodor_Benzinger,SA
Theodor_Benzinger,Flugmedizinisches_Institut
Theodor_Benzinger,Deutsche_Akademie_fuer_Luftfahrtforschung
Theodor_Benzinger,US_Air_Force
Theodor_Benzinger,NMRI
Theodor_Benzinger,NIST
Walter_Dornberger,Heereswaffenamt
Walter_Dornberger,Verein_fuer_Raumschifffahrt
Walter_Dornberger,Heereswaffenamt
Walter_Dornberger,Heeresversuchsanstalt
Walter_Dornberger,V2
Walter_Dornberger,Mittelwerk_GmbH
Walter_Dornberger,US_Air_Force
Walter_Dornberger,Bell_Air_Craft_Corporation
Walter_Dornberger,Dyna_Soar
Walter_Dornberger,Bell_Air_Craft_Corporation
Walter_Riedel,Firma_Heylandt
Walter_Riedel,Heereswaffenamt
Walter_Riedel,Heeresversuchsanstalt
Walter_Riedel,Heeresversuchsanstalt
Walter_Riedel,Heeresversuchsanstalt
Walter_Riedel,Kriegsgefangenschaft
Wernher_von_Braun,Verein_fuer_Raumschifffahrt
Wernher_von_Braun,Verein_fuer_Raumschifffahrt
Wernher_von_Braun,Verein_fuer_Raumschifffahrt
Wernher_von_Braun,Heeresversuchsanstalt
Wernher_von_Braun,V2
Wernher_von_Braun,SS
Wernher_von_Braun,US_Army
Wernher_von_Braun,ABMA
Wernher_von_Braun,Redstone
Wernher_von_Braun,Jupiter
Wernher_von_Braun,NASA
Wernher_von_Braun,Mercury
Wernher_von_Braun,Gemini
Wernher_von_Braun,Apollo
Wernher_von_Braun,Saturn
Wernher_von_Braun,NSDAP